id,name,faction,role,sex,stats,abilities,deityArtDna
"MG-DEITY-001","Aten-Ra","Aten Ra","Endurance","Male","{""hp"": 52, ""attack"": 10, ""range"": 2, ""energy"": 5, ""speed"": 2, ""armor"": 19, ""resistance"": 12, ""critChance"": 7, ""accuracy"": 82, ""evasion"": 4, ""guardBreak"": 8, ""combatPower"": 238}","[""Aten-Ra \u2014 Ma\u2019at-Weighted Strike Anchor"", ""Pylon Edict Technique \u2014 Bastion"", ""Aten-Ra: Sun-Scale Decree Holdfast"", ""Divine Ascension \u2014 Aten-Ra Source Radiance""]","{""mythology"": ""Ra/Re + Aten + Ma\u2019at"", ""realm"": ""The Solar Dominion of Khepra"", ""civilization"": ""An extradimensional solar civilization whose crowns, pylons, collars, sun-discs, scarabs, throne-magic, river rites, lion guardians, and desert-storm wardens later appeared in human Egyptian myth as imperfect memories of the source Realm."", ""cultureRule"": ""source culture humans later copied as Egyptian solar myth"", ""beautyStandard"": ""solar-kingship masculinity: ritual height, desert-lean strength, carved jaw, calm judging eyes, electrum restraint, no brute bulk"", ""realmAnatomy"": ""sun-forged divine anatomy with electrum warmth under skin, lapis/obsidian shadow seams, faience vein inlays, Ma\u2019at balance scars, and living sun-disc organs"", ""identityFace"": ""one-eyed storm-king face with a broken hawk nose, deep-set glacier eye, heavy brow, forked iron-gray beard, and asymmetric raven-scar cheek; unique to Aten Ra through the broken crown prong facial/cranial rhythm"", ""identityBody"": ""massive oath-anchor torso, thick forearms, grounded legs, shield-wall stance, unmistakably masculine without losing individual anatomy; height/proportion offset 1: floating oath-ring stack changes the black-shape read"", ""roleSilhouette"": ""fortress-readable silhouette with broad guard arms, heavy base, protective negative space, and a weapon planted like law plus root-wrapped ankle guard so the character reads alone in silhouette"", ""signatureWeapon"": ""Aten-Ra Sun-Disc Aegis Staff"", ""auditStatus"": ""PASS"", ""updated"": ""2026-08-17"", ""maskHelmetIdentity"": ""Aten Ra mask/helmet/crown uses spiral hip-chain, sex-specific eye framing, and role-specific brow/cheek geometry; never interchangeable faction headgear."", ""armorIdentity"": ""Colossal living solar judge with readable divine anatomy, an Aten sun-disc crown radiating subtle hand-like rays, electrum wesekh collar fused into chest armor, Ma\u2019at feather balance seams, white-gold noon aura, black-lapis shadow insets, and pylon-shaped shield forearms. Must feel older than Egyptian royalty, not a statue, robot, sarcophagus, or pyramid body."", ""resolvedArtIdentityPass"": true}"
"MG-DEITY-002","Sutekh","Aten Ra","Conduit","Male","{""hp"": 38, ""attack"": 11, ""range"": 3, ""energy"": 5, ""speed"": 3, ""armor"": 9, ""resistance"": 14, ""critChance"": 8, ""accuracy"": 84, ""evasion"": 7, ""guardBreak"": 6, ""combatPower"": 226}","[""Sutekh \u2014 Ma\u2019at-Weighted Strike Kindle"", ""Pylon Edict Technique \u2014 Reservoir"", ""Sutekh: Sun-Scale Decree Overchannel"", ""Divine Ascension \u2014 Aten-Ra Source Radiance""]","{""mythology"": ""Khepri + Black Land fertility + solar renewal"", ""realm"": ""The Solar Dominion of Khepra"", ""civilization"": ""An extradimensional solar civilization whose crowns, pylons, collars, sun-discs, scarabs, throne-magic, river rites, lion guardians, and desert-storm wardens later appeared in human Egyptian myth as imperfect memories of the source Realm."", ""cultureRule"": ""source culture humans later copied as Egyptian solar myth"", ""beautyStandard"": ""solar-kingship masculinity: ritual height, desert-lean strength, carved jaw, calm judging eyes, electrum restraint, no brute bulk"", ""realmAnatomy"": ""sun-forged divine anatomy with electrum warmth under skin, lapis/obsidian shadow seams, faience vein inlays, Ma\u2019at balance scars, and living sun-disc organs"", ""identityFace"": ""square wolf-jaw face with flattened warrior nose, close-set amber eyes, cropped battle braids, and frost-bitten cheekbones; unique to Sutekh through the left-shoulder raven mantle facial/cranial rhythm"", ""identityBody"": ""masculine mythic playable build; height/proportion offset 2: single back banner changes the black-shape read"", ""roleSilhouette"": ""clear unique playable silhouette plus wing-shadow cape edge so the character reads alone in silhouette"", ""signatureWeapon"": ""Sutekh Khepri Dawn-Roller Staff"", ""auditStatus"": ""PASS"", ""updated"": ""2026-08-17"", ""maskHelmetIdentity"": ""Sutekh mask/helmet/crown uses split cloak tail, sex-specific eye framing, and role-specific brow/cheek geometry; never interchangeable faction headgear."", ""armorIdentity"": ""Massive renewal-battery Deity with scarab-inspired carapace plates, faience and lapis inlay reservoirs, papyrus-green conduit veins, black Nile-silt glass core, dawn-gold crown, and slow rotating solar arcs behind the shoulders. Avoid insect monster; he is a divine generator of rebirth with clear anatomy and ceremonial mass."", ""resolvedArtIdentityPass"": true}"
"MG-DEITY-003","Iset","Aten Ra","Dominion","Female","{""hp"": 38, ""attack"": 10, ""range"": 4, ""energy"": 5, ""speed"": 3, ""armor"": 8, ""resistance"": 16, ""critChance"": 7, ""accuracy"": 86, ""evasion"": 8, ""guardBreak"": 9, ""combatPower"": 226}","[""Iset \u2014 Ma\u2019at-Weighted Strike Vector"", ""Pylon Edict Technique \u2014 Field Rewrite"", ""Iset: Sun-Scale Decree Dominion Grid"", ""Divine Ascension \u2014 Aten-Ra Source Radiance""]","{""mythology"": ""Necropolis dawn + Duat horizon + obsidian judgement"", ""realm"": ""The Solar Dominion of Khepra"", ""civilization"": ""An extradimensional solar civilization whose crowns, pylons, collars, sun-discs, scarabs, throne-magic, river rites, lion guardians, and desert-storm wardens later appeared in human Egyptian myth as imperfect memories of the source Realm."", ""cultureRule"": ""source culture humans later copied as Egyptian solar myth"", ""beautyStandard"": ""solar-sovereign femininity: radiant Nile grace, narrow luminous waist, rounded hips, long neck, kohl-defined authority, warm alluring dignity"", ""realmAnatomy"": ""sun-forged divine anatomy with electrum warmth under skin, lapis/obsidian shadow seams, faience vein inlays, Ma\u2019at balance scars, and living sun-disc organs"", ""identityFace"": ""classical divine face with soft cheek fullness, arched brows, clear mouth, and marble-warm feminine symmetry; unique to Iset through the spiral hip-chain facial/cranial rhythm"", ""identityBody"": ""elegant tall sorceress build, long neck and arms, tapered waist, flowing garment silhouette, commanding feminine stillness; height/proportion offset 3: braided weapon tether changes the black-shape read"", ""roleSilhouette"": ""vertical command silhouette with crown/halo/mantle spread, long gesture hand, and battlefield-rule presence plus three-bead brow line so the character reads alone in silhouette"", ""signatureWeapon"": ""Iset Horizon Compass Staff"", ""auditStatus"": ""PASS"", ""updated"": ""2026-08-17"", ""maskHelmetIdentity"": ""Iset mask/helmet/crown uses asymmetric high collar, sex-specific eye framing, and role-specific brow/cheek geometry; never interchangeable faction headgear."", ""armorIdentity"": ""Tall controller Deity of black sunrise: obsidian-blue enamel mask, thin amber dawn visor, horizon-ring collar, ivory limestone relief plates, black-gold scale armor, and angular light lanes emerging from underworld-shadow limbs. Must feel like living threshold law, not a mummy, statue, or necropolis building."", ""resolvedArtIdentityPass"": true}"
"MG-DEITY-004","Amunet","Aten Ra","Fracture","Female","{""hp"": 44, ""attack"": 13, ""range"": 2, ""energy"": 3, ""speed"": 2, ""armor"": 12, ""resistance"": 8, ""critChance"": 9, ""accuracy"": 81, ""evasion"": 4, ""guardBreak"": 18, ""combatPower"": 214}","[""Amunet \u2014 Ma\u2019at-Weighted Strike Rend"", ""Pylon Edict Technique \u2014 Rupture"", ""Amunet: Sun-Scale Decree Sundering Trial"", ""Divine Ascension \u2014 Aten-Ra Source Radiance""]","{""mythology"": ""Ma\u2019at weighing + prism light + divine verdict"", ""realm"": ""The Solar Dominion of Khepra"", ""civilization"": ""An extradimensional solar civilization whose crowns, pylons, collars, sun-discs, scarabs, throne-magic, river rites, lion guardians, and desert-storm wardens later appeared in human Egyptian myth as imperfect memories of the source Realm."", ""cultureRule"": ""source culture humans later copied as Egyptian solar myth"", ""beautyStandard"": ""solar-kingship masculinity: ritual height, desert-lean strength, carved jaw, calm judging eyes, electrum restraint, no brute bulk"", ""realmAnatomy"": ""sun-forged divine anatomy with electrum warmth under skin, lapis/obsidian shadow seams, faience vein inlays, Ma\u2019at balance scars, and living sun-disc organs"", ""identityFace"": ""broad sun-carved face with high cheekbones, straight ceremonial nose, close-cropped beard, and steady tribunal gaze; unique to Amunet through the split cloak tail facial/cranial rhythm"", ""identityBody"": ""masculine mythic playable build; height/proportion offset 4: crescent shoulder void changes the black-shape read"", ""roleSilhouette"": ""clear unique playable silhouette plus thorn rib lattice so the character reads alone in silhouette"", ""signatureWeapon"": ""Amunet Staff"", ""auditStatus"": ""PASS"", ""updated"": ""2026-08-17"", ""maskHelmetIdentity"": ""Amunet mask/helmet/crown uses floating oath-ring stack, sex-specific eye framing, and role-specific brow/cheek geometry; never interchangeable faction headgear."", ""armorIdentity"": ""Shadow Deity with crystalline solar-prism chest, weighing-scale shoulder geometry, Ma\u2019at feather linework, clear amber glass execution blades, electrum ribs, and fractured light exposing enemy weak points. Avoid generic crystal robot; the prism must feel sacred, judicial, and alive."", ""resolvedArtIdentityPass"": true}"
"MG-DEITY-010","Odin","Asgardian","Endurance","Male","{""hp"": 48, ""attack"": 10, ""range"": 2, ""energy"": 5, ""speed"": 2, ""armor"": 19, ""resistance"": 12, ""critChance"": 7, ""accuracy"": 82, ""evasion"": 4, ""guardBreak"": 8, ""combatPower"": 234}","[""Odin \u2014 Oath-Ring Cleave Anchor"", ""Rune-Thunder Technique \u2014 Bastion"", ""Odin: Yggdrasil Root Oath Holdfast"", ""Divine Ascension \u2014 Ragnarok Storm Unbound""]","{""mythology"": ""Asgardian defender office: sovereign protector, gate-holder, law shield; Thor: thunder, hammer impact, protection, giant-breaking storms"", ""realm"": ""The Storm-Rooted Aesir Holds"", ""civilization"": ""A realm-born oath civilization whose halls, runes, ravens, world-root bridges, funerary feasts, shield walls, Valkyrie weatherfields, and storm kings later entered human Norse myth as distorted saga memory."", ""cultureRule"": ""source culture humans later copied as Norse myth"", ""beautyStandard"": ""oath-hall masculinity: weathered face, saga-broad chest or seer-lean frame, braided beard/hair, scarred confidence, endurance over glamour"", ""realmAnatomy"": ""storm-root anatomy with rune scars cut like old wounds, iron-and-ash skin grain, frost-light joints, oath-ring growths, raven-shadow eyes, thunder moving in veins"", ""identityFace"": ""one-eyed storm-king face: one living glacier-blue eye, one sacrificed dark socket veiled by a raven-shadow brow plate, broken hawk nose, deep cheek furrows, forked iron-gray beard, and no similarity to any other Asgardian"", ""identityBody"": ""elder-warrior Endurance body: towering but not bodybuilder-generic, long cloak-backed torso, immense weathered hands, heavy protective forearms, narrower veteran hips, root-braced legs, and a permanent shield-wall lean shaped by centuries holding a Gate"", ""roleSilhouette"": ""unmistakable Odin silhouette: one-eyed high crown, raven-shoulder mantle on one side, wolf-jaw pauldron on the other, Yggdrasil root spine rising behind him, planted oath-axe crossing a bastion shield shape, readable even as a black icon"", ""signatureWeapon"": ""Odin Bulwark Rune-Iron Oath Axe"", ""auditStatus"": ""PASS"", ""updated"": ""2026-08-17"", ""maskHelmetIdentity"": ""Odin mask/helmet/crown uses three-bead brow line, sex-specific eye framing, and role-specific brow/cheek geometry; never interchangeable faction headgear."", ""armorIdentity"": ""asymmetric storm-iron mail built around a one-eyed oath-king: raven-feather shadow mantle over one shoulder, wolf-jaw guard on the opposite side, oath-ring collar, root-braced greaves, thunder scars burned into skin as old wounds, no horned cosplay helmet"", ""resolvedArtIdentityPass"": true}"
"MG-DEITY-011","Thor","Asgardian","Conduit","Male","{""hp"": 40, ""attack"": 11, ""range"": 3, ""energy"": 5, ""speed"": 3, ""armor"": 9, ""resistance"": 14, ""critChance"": 8, ""accuracy"": 84, ""evasion"": 7, ""guardBreak"": 6, ""combatPower"": 228}","[""Thor \u2014 Oath-Ring Cleave Kindle"", ""Rune-Thunder Technique \u2014 Reservoir"", ""Thor: Yggdrasil Root Oath Overchannel"", ""Divine Ascension \u2014 Ragnarok Storm Unbound""]","{""mythology"": ""Asgardian battery office: renewal engine, resource hearth, stored sacred force; Freyja/Valkyries: choosing the slain, battle fate, swan/raven/boar omens"", ""realm"": ""The Storm-Rooted Aesir Holds"", ""civilization"": ""A realm-born oath civilization whose halls, runes, ravens, world-root bridges, funerary feasts, shield walls, Valkyrie weatherfields, and storm kings later entered human Norse myth as distorted saga memory."", ""cultureRule"": ""source culture humans later copied as Norse myth"", ""beautyStandard"": ""oath-hall masculinity: weathered face, saga-broad chest or seer-lean frame, braided beard/hair, scarred confidence, endurance over glamour"", ""realmAnatomy"": ""storm-root anatomy with rune scars cut like old wounds, iron-and-ash skin grain, frost-light joints, oath-ring growths, raven-shadow eyes, thunder moving in veins"", ""identityFace"": ""one-eyed storm-king face with a broken hawk nose, deep-set glacier eye, heavy brow, forked iron-gray beard, and asymmetric raven-scar cheek; unique to Thor through the wing-shadow cape edge facial/cranial rhythm"", ""identityBody"": ""masculine mythic playable build; height/proportion offset 11: sun-scar collar notch changes the black-shape read"", ""roleSilhouette"": ""clear unique playable silhouette plus left-shoulder raven mantle so the character reads alone in silhouette"", ""signatureWeapon"": ""Thor Generator Rune-Iron Oath Axe"", ""auditStatus"": ""PASS"", ""updated"": ""2026-08-17"", ""maskHelmetIdentity"": ""Thor mask/helmet/crown uses thorn rib lattice, sex-specific eye framing, and role-specific brow/cheek geometry; never interchangeable faction headgear."", ""armorIdentity"": ""Full-body living myth-source Deity, not a costume: Thor shows storm-iron mail, oath-ring collars, raven and wolf omen shapes, world-root veins, Valkyrie wing-weather, thunder scars, frost-giant mass, shield-wall geometry, ash wood, funeral flame, runes burned as physical wounds not UI glow.."", ""resolvedArtIdentityPass"": true}"
"MG-DEITY-012","Skadi","Asgardian","Dominion","Female","","[""Skadi \u2014 Frost Arrow Volley"", ""Winter's Bite Technique \u2014 Frozen Ground"", ""Skadi: Avalanche Barrage"", ""Divine Ascension \u2014 Skadi Eternal Winter""]","{""mythology"": ""Skadi \u2014 Norse goddess of hunting, winter, skiing, mountains"", ""realm"": ""Thrymheim (her mountain hall)"", ""civilization"": ""A frost-giantess who joined the Aesir; her culture is mountain survival, hunting, and winter warfare. Humans later remembered her as the snowshoe goddess."", ""cultureRule"": ""source culture humans later copied as Norse winter/hunting myth"", ""beautyStandard"": ""wild huntress beauty: lean athletic build, sharp features, ice-blue eyes, frost-pale skin with blue energy veins, braided ice-white hair"", ""identityFace"": ""sharp-featured huntress face with high cheekbones, narrowed predator eyes, frost-bitten lips, and ice-white braided hair with a iron circlet"", ""identityBody"": ""athletic hunter build with broad shoulders for drawing a divine bow, long legs for mountain travel"", ""skinType"": ""living ice-metal with frost-crack energy veins in ice-blue"", ""armorCanon"": ""Norse hunting leathers and furs over storm-iron plate \u2014 designed for mobility in extreme cold. NOT full plate. Fur-lined leather, iron chain accents, snowshoe boots."", ""footwear"": ""Reinforced winter hunting boots with iron grips"", ""aura"": ""frost-blue and ice-white with snow particles"", ""groundEffect"": ""frozen mountain peak with snow, ice crystals, and tiny mountain pines showing colossal scale"", ""signatureWeapon"": ""Skadi Frostwood Greatbow""}"
"MG-DEITY-013","Freyja","Asgardian","Fracture","Female","{""hp"": 40, ""attack"": 13, ""range"": 2, ""energy"": 3, ""speed"": 2, ""armor"": 12, ""resistance"": 8, ""critChance"": 9, ""accuracy"": 81, ""evasion"": 4, ""guardBreak"": 18, ""combatPower"": 210}","[""Freyja \u2014 Oath-Ring Cleave Rend"", ""Rune-Thunder Technique \u2014 Rupture"", ""Freyja: Yggdrasil Root Oath Sundering Trial"", ""Divine Ascension \u2014 Ragnarok Storm Unbound""]","{""mythology"": ""Asgardian breaker office: judgement rupture, armor sundering, trial by force; Valhalla/einherjar: honored dead, feast before final war"", ""realm"": ""The Storm-Rooted Aesir Holds"", ""civilization"": ""A realm-born oath civilization whose halls, runes, ravens, world-root bridges, funerary feasts, shield walls, Valkyrie weatherfields, and storm kings later entered human Norse myth as distorted saga memory."", ""cultureRule"": ""source culture humans later copied as Norse myth"", ""beautyStandard"": ""Valkyrie-queen femininity: fierce beautiful face, athletic waist-to-hip clarity, wind-carved grace, braided ceremonial hair, shieldmaiden poise without masculine blockiness"", ""realmAnatomy"": ""storm-root anatomy with rune scars cut like old wounds, iron-and-ash skin grain, frost-light joints, oath-ring growths, raven-shadow eyes, thunder moving in veins"", ""identityFace"": ""classical divine face with soft cheek fullness, arched brows, clear mouth, and marble-warm feminine symmetry; unique to Freyja through the thorn rib lattice facial/cranial rhythm"", ""identityBody"": ""feminine mythic playable build; height/proportion offset 13: bell-ring halo segment changes the black-shape read"", ""roleSilhouette"": ""clear unique playable silhouette plus split cloak tail so the character reads alone in silhouette"", ""signatureWeapon"": ""Freyja Sunderer Rune-Iron Oath Axe"", ""auditStatus"": ""PASS"", ""updated"": ""2026-08-17"", ""maskHelmetIdentity"": ""Freyja mask/helmet/crown uses blood-wax sash knot, sex-specific eye framing, and role-specific brow/cheek geometry; never interchangeable faction headgear."", ""armorIdentity"": ""Full-body living myth-source Deity, not a costume: Freyja shows storm-iron mail, oath-ring collars, raven and wolf omen shapes, world-root veins, Valkyrie wing-weather, thunder scars, frost-giant mass, shield-wall geometry, ash wood, funeral flame, runes burned as physical wounds not UI glow.."", ""resolvedArtIdentityPass"": true}"
"MG-DEITY-019","Zeus","Olympian","Endurance","Male","{""hp"": 50, ""attack"": 11, ""range"": 2, ""energy"": 5, ""speed"": 2, ""armor"": 19, ""resistance"": 12, ""critChance"": 7, ""accuracy"": 82, ""evasion"": 4, ""guardBreak"": 8, ""combatPower"": 242}","[""Zeus \u2014 Aegis Spear Thrust Anchor"", ""Laurel Trial Technique \u2014 Bastion"", ""Zeus: Olympian Verdict Contest Holdfast"", ""Divine Ascension \u2014 Nike Crowned Ascension""]","{""mythology"": ""Olympian defender office: sovereign protector, gate-holder, law shield; Zeus: sky authority, thunder verdict, kingship"", ""realm"": ""The Celestial Heights of Olympus"", ""civilization"": ""A competitive sky-polity whose marble courts, bronze phalanx geometry, laurel verdicts, oracle fumes, divine smithing, athlete-warrior rites, and cloud thrones later appeared in human Greek cult, epic, and city-state myth."", ""cultureRule"": ""source culture humans later copied as Greek myth"", ""beautyStandard"": ""Olympian masculinity: athletic proportion, laurel authority, bronze-lit muscle, symmetrical nobility, heroic posture without bodybuilder sameness"", ""realmAnatomy"": ""marble-light living anatomy with bronze tendons, laurel nerve filaments, oracle-smoke breath, aegis scale patches, and thunder/starfire pupils"", ""identityFace"": ""scarred veteran face with broken cheek plane, braided mustache, heavy lower jaw, and narrowed survivor eyes; unique to Zeus through the broken crown prong facial/cranial rhythm"", ""identityBody"": ""massive oath-anchor torso, thick forearms, grounded legs, shield-wall stance, unmistakably masculine without losing individual anatomy; height/proportion offset 19: floating oath-ring stack changes the black-shape read"", ""roleSilhouette"": ""fortress-readable silhouette with broad guard arms, heavy base, protective negative space, and a weapon planted like law plus root-wrapped ankle guard so the character reads alone in silhouette"", ""signatureWeapon"": ""Zeus Bulwark Aegis Laurel Spear"", ""auditStatus"": ""PASS"", ""updated"": ""2026-08-17"", ""maskHelmetIdentity"": ""Zeus mask/helmet/crown uses spiral hip-chain, sex-specific eye framing, and role-specific brow/cheek geometry; never interchangeable faction headgear."", ""armorIdentity"": ""Full-body living myth-source Deity, not a costume: Zeus shows living marble-light bodies, bronze cuirasses, laurel circuits, aegis scales, thunder tribunal halos, oracle smoke, amphitheater armor curves, hoplite shield geometry, winged victory accents, gold-blue skyfire, carved but non-readable relief bands.."", ""resolvedArtIdentityPass"": true}"
"MG-DEITY-020","Athena","Olympian","Conduit","Female","{""hp"": 42, ""attack"": 11, ""range"": 3, ""energy"": 5, ""speed"": 3, ""armor"": 9, ""resistance"": 14, ""critChance"": 8, ""accuracy"": 84, ""evasion"": 7, ""guardBreak"": 6, ""combatPower"": 230}","[""Athena \u2014 Aegis Spear Thrust Kindle"", ""Laurel Trial Technique \u2014 Reservoir"", ""Athena: Olympian Verdict Contest Overchannel"", ""Divine Ascension \u2014 Nike Crowned Ascension""]","{""mythology"": ""Olympian battery office: renewal engine, resource hearth, stored sacred force; Athena: strategy, aegis, owl sight, spear and shield order"", ""realm"": ""The Celestial Heights of Olympus"", ""civilization"": ""A competitive sky-polity whose marble courts, bronze phalanx geometry, laurel verdicts, oracle fumes, divine smithing, athlete-warrior rites, and cloud thrones later appeared in human Greek cult, epic, and city-state myth."", ""cultureRule"": ""source culture humans later copied as Greek myth"", ""beautyStandard"": ""Olympian masculinity: athletic proportion, laurel authority, bronze-lit muscle, symmetrical nobility, heroic posture without bodybuilder sameness"", ""realmAnatomy"": ""marble-light living anatomy with bronze tendons, laurel nerve filaments, oracle-smoke breath, aegis scale patches, and thunder/starfire pupils"", ""identityFace"": ""mask-framed priest-warrior face with tall forehead, carved lips, unusual eye spacing, and ritual mark asymmetry; unique to Athena through the left-shoulder raven mantle facial/cranial rhythm"", ""identityBody"": ""masculine mythic playable build; height/proportion offset 20: single back banner changes the black-shape read"", ""roleSilhouette"": ""clear unique playable silhouette plus wing-shadow cape edge so the character reads alone in silhouette"", ""signatureWeapon"": ""Athena Generator Aegis Laurel Spear"", ""auditStatus"": ""PASS"", ""updated"": ""2026-08-17"", ""maskHelmetIdentity"": ""Athena mask/helmet/crown uses split cloak tail, sex-specific eye framing, and role-specific brow/cheek geometry; never interchangeable faction headgear."", ""armorIdentity"": ""Full-body living myth-source Deity, not a costume: Athena shows living marble-light bodies, bronze cuirasses, laurel circuits, aegis scales, thunder tribunal halos, oracle smoke, amphitheater armor curves, hoplite shield geometry, winged victory accents, gold-blue skyfire, carved but non-readable relief bands.."", ""resolvedArtIdentityPass"": true}"
"MG-DEITY-021","Artemis","Olympian","Dominion","Female","{""hp"": 36, ""attack"": 10, ""range"": 4, ""energy"": 5, ""speed"": 3, ""armor"": 8, ""resistance"": 16, ""critChance"": 7, ""accuracy"": 86, ""evasion"": 8, ""guardBreak"": 9, ""combatPower"": 224}","[""Artemis \u2014 Aegis Spear Thrust Vector"", ""Laurel Trial Technique \u2014 Field Rewrite"", ""Artemis: Olympian Verdict Contest Dominion Grid"", ""Divine Ascension \u2014 Nike Crowned Ascension""]","{""mythology"": ""Olympian controller office: terrain law, threshold command, battlefield geometry; Apollo: prophecy, sun clarity, music, plague/purification"", ""realm"": ""The Celestial Heights of Olympus"", ""civilization"": ""A competitive sky-polity whose marble courts, bronze phalanx geometry, laurel verdicts, oracle fumes, divine smithing, athlete-warrior rites, and cloud thrones later appeared in human Greek cult, epic, and city-state myth."", ""cultureRule"": ""source culture humans later copied as Greek myth"", ""beautyStandard"": ""Olympian femininity: classical divine beauty, elegant waist-to-hip curve, luminous skin, poised contrapposto, graceful power, face worthy of cult statue but alive"", ""realmAnatomy"": ""marble-light living anatomy with bronze tendons, laurel nerve filaments, oracle-smoke breath, aegis scale patches, and thunder/starfire pupils"", ""identityFace"": ""radiant oval queen face with kohl-sharp eyes, high cheeks, full lips, and a luminous long neck framed by sun jewelry; unique to Artemis through the spiral hip-chain facial/cranial rhythm"", ""identityBody"": ""elegant tall sorceress build, long neck and arms, tapered waist, flowing garment silhouette, commanding feminine stillness; height/proportion offset 21: braided weapon tether changes the black-shape read"", ""roleSilhouette"": ""vertical command silhouette with crown/halo/mantle spread, long gesture hand, and battlefield-rule presence plus three-bead brow line so the character reads alone in silhouette"", ""signatureWeapon"": ""Artemis Compass Aegis Laurel Spear"", ""auditStatus"": ""PASS"", ""updated"": ""2026-08-17"", ""maskHelmetIdentity"": ""Artemis mask/helmet/crown uses asymmetric high collar, sex-specific eye framing, and role-specific brow/cheek geometry; never interchangeable faction headgear."", ""armorIdentity"": ""Full-body living myth-source Deity, not a costume: Artemis shows living marble-light bodies, bronze cuirasses, laurel circuits, aegis scales, thunder tribunal halos, oracle smoke, amphitheater armor curves, hoplite shield geometry, winged victory accents, gold-blue skyfire, carved but non-readable relief bands.."", ""resolvedArtIdentityPass"": true}"
"MG-DEITY-022","Ares","Olympian","Fracture","Male","{""hp"": 42, ""attack"": 13, ""range"": 2, ""energy"": 3, ""speed"": 2, ""armor"": 12, ""resistance"": 8, ""critChance"": 9, ""accuracy"": 81, ""evasion"": 4, ""guardBreak"": 18, ""combatPower"": 212}","[""Ares \u2014 Aegis Spear Thrust Rend"", ""Laurel Trial Technique \u2014 Rupture"", ""Ares: Olympian Verdict Contest Sundering Trial"", ""Divine Ascension \u2014 Nike Crowned Ascension""]","{""mythology"": ""Olympian breaker office: judgement rupture, armor sundering, trial by force; Artemis: wild thresholds, moon hunt, bow discipline"", ""realm"": ""The Celestial Heights of Olympus"", ""civilization"": ""A competitive sky-polity whose marble courts, bronze phalanx geometry, laurel verdicts, oracle fumes, divine smithing, athlete-warrior rites, and cloud thrones later appeared in human Greek cult, epic, and city-state myth."", ""cultureRule"": ""source culture humans later copied as Greek myth"", ""beautyStandard"": ""Olympian masculinity: athletic proportion, laurel authority, bronze-lit muscle, symmetrical nobility, heroic posture without bodybuilder sameness"", ""realmAnatomy"": ""marble-light living anatomy with bronze tendons, laurel nerve filaments, oracle-smoke breath, aegis scale patches, and thunder/starfire pupils"", ""identityFace"": ""square wolf-jaw face with flattened warrior nose, close-set amber eyes, cropped battle braids, and frost-bitten cheekbones; unique to Ares through the split cloak tail facial/cranial rhythm"", ""identityBody"": ""masculine mythic playable build; height/proportion offset 22: crescent shoulder void changes the black-shape read"", ""roleSilhouette"": ""clear unique playable silhouette plus thorn rib lattice so the character reads alone in silhouette"", ""signatureWeapon"": ""Ares Sunderer Aegis Laurel Spear"", ""auditStatus"": ""PASS"", ""updated"": ""2026-08-17"", ""maskHelmetIdentity"": ""Ares mask/helmet/crown uses floating oath-ring stack, sex-specific eye framing, and role-specific brow/cheek geometry; never interchangeable faction headgear."", ""armorIdentity"": ""Full-body living myth-source Deity, not a costume: Ares shows living marble-light bodies, bronze cuirasses, laurel circuits, aegis scales, thunder tribunal halos, oracle smoke, amphitheater armor curves, hoplite shield geometry, winged victory accents, gold-blue skyfire, carved but non-readable relief bands.."", ""resolvedArtIdentityPass"": true}"
"MG-DEITY-028","Amaterasu","Kami","Endurance","Female","{""hp"": 52, ""attack"": 10, ""range"": 2, ""energy"": 5, ""speed"": 2, ""armor"": 19, ""resistance"": 12, ""critChance"": 7, ""accuracy"": 82, ""evasion"": 4, ""guardBreak"": 8, ""combatPower"": 238}","[""Amaterasu \u2014 Kagura Spirit Cut Anchor"", ""Shide Seal Technique \u2014 Bastion"", ""Amaterasu: Torii Boundary Rewrite Holdfast"", ""Divine Ascension \u2014 Amaterasu Moon-Gate Radiance""]","{""mythology"": ""Kami defender office: sovereign protector, gate-holder, law shield; Kami: spirits, nature forces, ancestors, sacred qualities"", ""realm"": ""The Sacred Kingdoms"", ""civilization"": ""A realm of shrine-courts, forest spirits, foxfire messengers, masked mountain judges, purification rivers, moon bridges, sacred mirrors, and living weather whose traces became human Japanese myth, ritual, and folklore."", ""cultureRule"": ""source culture humans later copied as Japanese myth and Shinto shrine lore"", ""beautyStandard"": ""kami-court femininity: refined shrine beauty, delicate but powerful features, visible waist and hip rhythm, silk-like posture, foxfire allure or moon-water serenity"", ""realmAnatomy"": ""spirit-realm anatomy with lacquer-sheen skin, cedar-bark undertones, foxfire pupils, mirror-water highlights, feather-wind joints, and shide-paper aura trails"", ""identityFace"": ""athletic huntress face with sun-browned cheeks, clear fierce eyes, wind-pulled hair, and focused mouth; unique to Amaterasu through the root-wrapped ankle guard facial/cranial rhythm"", ""identityBody"": ""powerful feminine guardian build with strong legs, clear waist-to-hip curve, shaped armored hips, proud upright poise, not masculine blocky; height/proportion offset 28: blood-wax sash knot changes the black-shape read"", ""roleSilhouette"": ""fortress-readable silhouette with broad guard arms, heavy base, protective negative space, and a weapon planted like law plus broken crown prong so the character reads alone in silhouette"", ""signatureWeapon"": ""Amaterasu Bulwark Mirror-Talisman Spirit Blade"", ""auditStatus"": ""PASS"", ""updated"": ""2026-08-17"", ""maskHelmetIdentity"": ""Amaterasu mask/helmet/crown uses three-bead brow line, sex-specific eye framing, and role-specific brow/cheek geometry; never interchangeable faction headgear."", ""armorIdentity"": ""Full-body living myth-source Deity, not a costume: Amaterasu shows torii silhouettes, shrine lacquer red, white paper shide, braided shimenawa cords, mirror discs, foxfire blue, ink-wash smoke, cedar bark, moonlit silk, oni iron, tengu feather wind, dragon-rain scales, mask geometry, seasonal petals and ash.."", ""resolvedArtIdentityPass"": true}"
"MG-DEITY-029","Tsukuyomi","Kami","Conduit","Male","{""hp"": 38, ""attack"": 12, ""range"": 3, ""energy"": 5, ""speed"": 3, ""armor"": 9, ""resistance"": 14, ""critChance"": 8, ""accuracy"": 84, ""evasion"": 7, ""guardBreak"": 6, ""combatPower"": 232}","[""Tsukuyomi \u2014 Kagura Spirit Cut Kindle"", ""Shide Seal Technique \u2014 Reservoir"", ""Tsukuyomi: Torii Boundary Rewrite Overchannel"", ""Divine Ascension \u2014 Amaterasu Moon-Gate Radiance""]","{""mythology"": ""Kami battery office: renewal engine, resource hearth, stored sacred force; Shinto shrine practice: torii thresholds, purification, offerings, shimenawa, shide"", ""realm"": ""The Sacred Kingdoms"", ""civilization"": ""A realm of shrine-courts, forest spirits, foxfire messengers, masked mountain judges, purification rivers, moon bridges, sacred mirrors, and living weather whose traces became human Japanese myth, ritual, and folklore."", ""cultureRule"": ""source culture humans later copied as Japanese myth and Shinto shrine lore"", ""beautyStandard"": ""kami-court masculinity: disciplined face, shrine-warrior restraint, long graceful limbs, precise posture, quiet danger rather than brute size"", ""realmAnatomy"": ""spirit-realm anatomy with lacquer-sheen skin, cedar-bark undertones, foxfire pupils, mirror-water highlights, feather-wind joints, and shide-paper aura trails"", ""identityFace"": ""scarred veteran face with broken cheek plane, braided mustache, heavy lower jaw, and narrowed survivor eyes; unique to Tsukuyomi through the wing-shadow cape edge facial/cranial rhythm"", ""identityBody"": ""masculine mythic playable build; height/proportion offset 29: sun-scar collar notch changes the black-shape read"", ""roleSilhouette"": ""clear unique playable silhouette plus left-shoulder raven mantle so the character reads alone in silhouette"", ""signatureWeapon"": ""Tsukuyomi Generator Mirror-Talisman Spirit Blade"", ""auditStatus"": ""PASS"", ""updated"": ""2026-08-17"", ""maskHelmetIdentity"": ""Tsukuyomi mask/helmet/crown uses thorn rib lattice, sex-specific eye framing, and role-specific brow/cheek geometry; never interchangeable faction headgear."", ""armorIdentity"": ""Full-body living myth-source Deity, not a costume: Tsukuyomi shows torii silhouettes, shrine lacquer red, white paper shide, braided shimenawa cords, mirror discs, foxfire blue, ink-wash smoke, cedar bark, moonlit silk, oni iron, tengu feather wind, dragon-rain scales, mask geometry, seasonal petals and ash.."", ""resolvedArtIdentityPass"": true}"
"MG-DEITY-030","Susanoo","Kami","Dominion","Male","{""hp"": 38, ""attack"": 10, ""range"": 4, ""energy"": 5, ""speed"": 3, ""armor"": 8, ""resistance"": 16, ""critChance"": 7, ""accuracy"": 86, ""evasion"": 8, ""guardBreak"": 9, ""combatPower"": 226}","[""Susanoo \u2014 Kagura Spirit Cut Vector"", ""Shide Seal Technique \u2014 Field Rewrite"", ""Susanoo: Torii Boundary Rewrite Dominion Grid"", ""Divine Ascension \u2014 Amaterasu Moon-Gate Radiance""]","{""mythology"": ""Kami controller office: terrain law, threshold command, battlefield geometry; Kitsune/Inari echoes: foxfire, shapeshift, messengers, rice/abundance"", ""realm"": ""The Sacred Kingdoms"", ""civilization"": ""A realm of shrine-courts, forest spirits, foxfire messengers, masked mountain judges, purification rivers, moon bridges, sacred mirrors, and living weather whose traces became human Japanese myth, ritual, and folklore."", ""cultureRule"": ""source culture humans later copied as Japanese myth and Shinto shrine lore"", ""beautyStandard"": ""kami-court masculinity: disciplined face, shrine-warrior restraint, long graceful limbs, precise posture, quiet danger rather than brute size"", ""realmAnatomy"": ""spirit-realm anatomy with lacquer-sheen skin, cedar-bark undertones, foxfire pupils, mirror-water highlights, feather-wind joints, and shide-paper aura trails"", ""identityFace"": ""mask-framed priest-warrior face with tall forehead, carved lips, unusual eye spacing, and ritual mark asymmetry; unique to Susanoo through the three-bead brow line facial/cranial rhythm"", ""identityBody"": ""tall angular strategist body, long hands, narrow waist, commanding cloak/halo span, measured predatory stillness; height/proportion offset 30: wolf-jaw pauldron changes the black-shape read"", ""roleSilhouette"": ""vertical command silhouette with crown/halo/mantle spread, long gesture hand, and battlefield-rule presence plus spiral hip-chain so the character reads alone in silhouette"", ""signatureWeapon"": ""Susanoo Compass Mirror-Talisman Spirit Blade"", ""auditStatus"": ""PASS"", ""updated"": ""2026-08-17"", ""maskHelmetIdentity"": ""Susanoo mask/helmet/crown uses mirror-disc spine row, sex-specific eye framing, and role-specific brow/cheek geometry; never interchangeable faction headgear."", ""armorIdentity"": ""Full-body living myth-source Deity, not a costume: Susanoo shows torii silhouettes, shrine lacquer red, white paper shide, braided shimenawa cords, mirror discs, foxfire blue, ink-wash smoke, cedar bark, moonlit silk, oni iron, tengu feather wind, dragon-rain scales, mask geometry, seasonal petals and ash.."", ""resolvedArtIdentityPass"": true}"
"MG-DEITY-031","Izanami","Kami","Fracture","Female","{""hp"": 44, ""attack"": 13, ""range"": 2, ""energy"": 3, ""speed"": 2, ""armor"": 12, ""resistance"": 8, ""critChance"": 9, ""accuracy"": 81, ""evasion"": 4, ""guardBreak"": 18, ""combatPower"": 214}","[""Izanami \u2014 Kagura Spirit Cut Rend"", ""Shide Seal Technique \u2014 Rupture"", ""Izanami: Torii Boundary Rewrite Sundering Trial"", ""Divine Ascension \u2014 Amaterasu Moon-Gate Radiance""]","{""mythology"": ""Kami breaker office: judgement rupture, armor sundering, trial by force; Tengu: mountain wind, discipline, masks, feathers"", ""realm"": ""The Sacred Kingdoms"", ""civilization"": ""A realm of shrine-courts, forest spirits, foxfire messengers, masked mountain judges, purification rivers, moon bridges, sacred mirrors, and living weather whose traces became human Japanese myth, ritual, and folklore."", ""cultureRule"": ""source culture humans later copied as Japanese myth and Shinto shrine lore"", ""beautyStandard"": ""kami-court femininity: refined shrine beauty, delicate but powerful features, visible waist and hip rhythm, silk-like posture, foxfire allure or moon-water serenity"", ""realmAnatomy"": ""spirit-realm anatomy with lacquer-sheen skin, cedar-bark undertones, foxfire pupils, mirror-water highlights, feather-wind joints, and shide-paper aura trails"", ""identityFace"": ""radiant oval queen face with kohl-sharp eyes, high cheeks, full lips, and a luminous long neck framed by sun jewelry; unique to Izanami through the thorn rib lattice facial/cranial rhythm"", ""identityBody"": ""feminine mythic playable build; height/proportion offset 31: bell-ring halo segment changes the black-shape read"", ""roleSilhouette"": ""clear unique playable silhouette plus split cloak tail so the character reads alone in silhouette"", ""signatureWeapon"": ""Izanami Sunderer Mirror-Talisman Spirit Blade"", ""auditStatus"": ""PASS"", ""updated"": ""2026-08-17"", ""maskHelmetIdentity"": ""Izanami mask/helmet/crown uses blood-wax sash knot, sex-specific eye framing, and role-specific brow/cheek geometry; never interchangeable faction headgear."", ""armorIdentity"": ""Full-body living myth-source Deity, not a costume: Izanami shows torii silhouettes, shrine lacquer red, white paper shide, braided shimenawa cords, mirror discs, foxfire blue, ink-wash smoke, cedar bark, moonlit silk, oni iron, tengu feather wind, dragon-rain scales, mask geometry, seasonal petals and ash.."", ""resolvedArtIdentityPass"": true}"
"MG-DEITY-037","Dagda","Tuatha","Endurance","Male","{""hp"": 48, ""attack"": 10, ""range"": 2, ""energy"": 5, ""speed"": 2, ""armor"": 19, ""resistance"": 12, ""critChance"": 7, ""accuracy"": 82, ""evasion"": 4, ""guardBreak"": 8, ""combatPower"": 234}","[""Dagda \u2014 Silver-Lughch Cut Anchor"", ""Geas Thorn Technique \u2014 Bastion"", ""Dagda: S\u00eddhe Court Covenant Holdfast"", ""Divine Ascension \u2014 T\u00edr na n\u00d3g Moon-Sovereign Form""]","{""mythology"": ""Tuatha defender office: sovereign protector, gate-holder, law shield; Tuatha D\u00e9 Danann: divine tribes, craft, sovereignty, otherworld descent"", ""realm"": ""Avalora"", ""civilization"": ""A fae-sovereign memory civilization whose mound gates, silver oathcraft, living woods, moon courts, battle crows, poetic fire, druid knots, and impossible youthlands later became human Celtic fairy and divine lore."", ""cultureRule"": ""source culture humans later copied as Celtic and Irish fae myth"", ""beautyStandard"": ""Tuatha masculinity: fae-warrior nobility, lean otherworld strength, sharp cheekbones, lyrical movement, sovereign confidence rather than bulk"", ""realmAnatomy"": ""Avalora fae-root anatomy with silver-branch nerves, moonlit skin, thorn-bloom scars, mist-vein translucence, geas marks, and living bark/flesh borders"", ""identityFace"": ""predatory court face with angular jaw, hooked noble nose, ember eyes, and precise dangerous smile; unique to Dagda through the broken crown prong facial/cranial rhythm"", ""identityBody"": ""massive oath-anchor torso, thick forearms, grounded legs, shield-wall stance, unmistakably masculine without losing individual anatomy; height/proportion offset 37: floating oath-ring stack changes the black-shape read"", ""roleSilhouette"": ""fortress-readable silhouette with broad guard arms, heavy base, protective negative space, and a weapon planted like law plus root-wrapped ankle guard so the character reads alone in silhouette"", ""signatureWeapon"": ""Dagda Bulwark Lugh Silver-Spear Thornblade"", ""auditStatus"": ""PASS"", ""updated"": ""2026-08-17"", ""maskHelmetIdentity"": ""Dagda mask/helmet/crown uses spiral hip-chain, sex-specific eye framing, and role-specific brow/cheek geometry; never interchangeable faction headgear."", ""armorIdentity"": ""Full-body living myth-source Deity, not a costume: Dagda shows silver branch crowns, moonlit green-gold, living bark armor, woven thorn mantles, mist veils, standing stone geometry, battle-crow omens, cauldron glow, druid knots as organic growth not decoration, geas scars, fae glass, root-lace anatomy.."", ""resolvedArtIdentityPass"": true}"
"MG-DEITY-038","Brigid","Tuatha","Conduit","Female","{""hp"": 40, ""attack"": 11, ""range"": 3, ""energy"": 5, ""speed"": 3, ""armor"": 9, ""resistance"": 14, ""critChance"": 8, ""accuracy"": 84, ""evasion"": 7, ""guardBreak"": 6, ""combatPower"": 228}","[""Brigid \u2014 Silver-Lughch Cut Kindle"", ""Geas Thorn Technique \u2014 Reservoir"", ""Brigid: S\u00eddhe Court Covenant Overchannel"", ""Divine Ascension \u2014 T\u00edr na n\u00d3g Moon-Sovereign Form""]","{""mythology"": ""Tuatha battery office: renewal engine, resource hearth, stored sacred force; Aos S\u00ed/S\u00eddhe: mound gates, hidden courts, fae ancestry"", ""realm"": ""Avalora"", ""civilization"": ""A fae-sovereign memory civilization whose mound gates, silver oathcraft, living woods, moon courts, battle crows, poetic fire, druid knots, and impossible youthlands later became human Celtic fairy and divine lore."", ""cultureRule"": ""source culture humans later copied as Celtic and Irish fae myth"", ""beautyStandard"": ""Tuatha masculinity: fae-warrior nobility, lean otherworld strength, sharp cheekbones, lyrical movement, sovereign confidence rather than bulk"", ""realmAnatomy"": ""Avalora fae-root anatomy with silver-branch nerves, moonlit skin, thorn-bloom scars, mist-vein translucence, geas marks, and living bark/flesh borders"", ""identityFace"": ""youthful hero face with open brow, strong chin, wind-torn hairline, and alert tactical eyes; unique to Brigid through the left-shoulder raven mantle facial/cranial rhythm"", ""identityBody"": ""masculine mythic playable build; height/proportion offset 38: single back banner changes the black-shape read"", ""roleSilhouette"": ""clear unique playable silhouette plus wing-shadow cape edge so the character reads alone in silhouette"", ""signatureWeapon"": ""Brigid Generator Lugh Silver-Spear Thornblade"", ""auditStatus"": ""PASS"", ""updated"": ""2026-08-17"", ""maskHelmetIdentity"": ""Brigid mask/helmet/crown uses split cloak tail, sex-specific eye framing, and role-specific brow/cheek geometry; never interchangeable faction headgear."", ""armorIdentity"": ""Full-body living myth-source Deity, not a costume: Brigid shows silver branch crowns, moonlit green-gold, living bark armor, woven thorn mantles, mist veils, standing stone geometry, battle-crow omens, cauldron glow, druid knots as organic growth not decoration, geas scars, fae glass, root-lace anatomy.."", ""resolvedArtIdentityPass"": true}"
"MG-DEITY-039","Morrigan","Tuatha","Dominion","Female","{""hp"": 40, ""attack"": 11, ""range"": 4, ""energy"": 5, ""speed"": 3, ""armor"": 8, ""resistance"": 16, ""critChance"": 7, ""accuracy"": 86, ""evasion"": 8, ""guardBreak"": 9, ""combatPower"": 234}","[""Morr\u00edgan \u2014 Silver-Lughch Cut Vector"", ""Geas Thorn Technique \u2014 Field Rewrite"", ""Morr\u00edgan: S\u00eddhe Court Covenant Dominion Grid"", ""Divine Ascension \u2014 T\u00edr na n\u00d3g Moon-Sovereign Form""]","{""mythology"": ""Tuatha controller office: terrain law, threshold command, battlefield geometry; T\u00edr na n\u00d3g: youth, impossible time, otherworld beauty"", ""realm"": ""Avalora"", ""civilization"": ""A fae-sovereign memory civilization whose mound gates, silver oathcraft, living woods, moon courts, battle crows, poetic fire, druid knots, and impossible youthlands later became human Celtic fairy and divine lore."", ""cultureRule"": ""source culture humans later copied as Celtic and Irish fae myth"", ""beautyStandard"": ""Tuatha femininity: otherworldly Celtic beauty, luminous eyes, elegant waist-to-hip line, moonlit sensual grace, thorn-queen danger, never generic elf"", ""realmAnatomy"": ""Avalora fae-root anatomy with silver-branch nerves, moonlit skin, thorn-bloom scars, mist-vein translucence, geas marks, and living bark/flesh borders"", ""identityFace"": ""water-oracle face with rounded cheeks, reflective eyes, long lashes, and calm sensual expression; unique to Morr\u00edgan through the spiral hip-chain facial/cranial rhythm"", ""identityBody"": ""elegant tall sorceress build, long neck and arms, tapered waist, flowing garment silhouette, commanding feminine stillness; height/proportion offset 39: braided weapon tether changes the black-shape read"", ""roleSilhouette"": ""vertical command silhouette with crown/halo/mantle spread, long gesture hand, and battlefield-rule presence plus three-bead brow line so the character reads alone in silhouette"", ""signatureWeapon"": ""Morr\u00edgan Compass Lugh Silver-Spear Thornblade"", ""auditStatus"": ""PASS"", ""updated"": ""2026-08-17"", ""maskHelmetIdentity"": ""Morr\u00edgan mask/helmet/crown uses asymmetric high collar, sex-specific eye framing, and role-specific brow/cheek geometry; never interchangeable faction headgear."", ""armorIdentity"": ""Full-body living myth-source Deity, not a costume: Morr\u00edgan shows silver branch crowns, moonlit green-gold, living bark armor, woven thorn mantles, mist veils, standing stone geometry, battle-crow omens, cauldron glow, druid knots as organic growth not decoration, geas scars, fae glass, root-lace anatomy.."", ""resolvedArtIdentityPass"": true}"
"MG-DEITY-040","Lugh","Tuatha","Fracture","Male","{""hp"": 40, ""attack"": 13, ""range"": 2, ""energy"": 3, ""speed"": 2, ""armor"": 12, ""resistance"": 8, ""critChance"": 9, ""accuracy"": 81, ""evasion"": 4, ""guardBreak"": 18, ""combatPower"": 210}","[""Lugh \u2014 Silver-Lughch Cut Rend"", ""Geas Thorn Technique \u2014 Rupture"", ""Lugh: S\u00eddhe Court Covenant Sundering Trial"", ""Divine Ascension \u2014 T\u00edr na n\u00d3g Moon-Sovereign Form""]","{""mythology"": ""Tuatha breaker office: judgement rupture, armor sundering, trial by force; Morr\u00edgan: battle crow, fate, war prophecy"", ""realm"": ""Avalora"", ""civilization"": ""A fae-sovereign memory civilization whose mound gates, silver oathcraft, living woods, moon courts, battle crows, poetic fire, druid knots, and impossible youthlands later became human Celtic fairy and divine lore."", ""cultureRule"": ""source culture humans later copied as Celtic and Irish fae myth"", ""beautyStandard"": ""Tuatha masculinity: fae-warrior nobility, lean otherworld strength, sharp cheekbones, lyrical movement, sovereign confidence rather than bulk"", ""realmAnatomy"": ""Avalora fae-root anatomy with silver-branch nerves, moonlit skin, thorn-bloom scars, mist-vein translucence, geas marks, and living bark/flesh borders"", ""identityFace"": ""mask-framed priest-warrior face with tall forehead, carved lips, unusual eye spacing, and ritual mark asymmetry; unique to Lugh through the split cloak tail facial/cranial rhythm"", ""identityBody"": ""masculine mythic playable build; height/proportion offset 40: crescent shoulder void changes the black-shape read"", ""roleSilhouette"": ""clear unique playable silhouette plus thorn rib lattice so the character reads alone in silhouette"", ""signatureWeapon"": ""Lugh Sunderer Lugh Silver-Spear Thornblade"", ""auditStatus"": ""PASS"", ""updated"": ""2026-08-17"", ""maskHelmetIdentity"": ""Lugh mask/helmet/crown uses floating oath-ring stack, sex-specific eye framing, and role-specific brow/cheek geometry; never interchangeable faction headgear."", ""armorIdentity"": ""Full-body living myth-source Deity, not a costume: Lugh shows silver branch crowns, moonlit green-gold, living bark armor, woven thorn mantles, mist veils, standing stone geometry, battle-crow omens, cauldron glow, druid knots as organic growth not decoration, geas scars, fae glass, root-lace anatomy.."", ""resolvedArtIdentityPass"": true}"
"MG-DEITY-046","Michael","Empyrean","Endurance","Male","{""hp"": 50, ""attack"": 10, ""range"": 2, ""energy"": 5, ""speed"": 2, ""armor"": 19, ""resistance"": 12, ""critChance"": 7, ""accuracy"": 82, ""evasion"": 4, ""guardBreak"": 8, ""combatPower"": 236}","[""Michael \u2014 Seraph Edict Lash Anchor"", ""Choir Seal Technique \u2014 Bastion"", ""Michael: Ophanim Throne Judgment Holdfast"", ""Divine Ascension \u2014 Seraphic Choir Unbound""]","{""mythology"": ""Empyrean defender office: sovereign protector, gate-holder, law shield; Dominions/Virtues/Powers: hierarchy, governance, miracle force, defense against chaos"", ""realm"": ""The Radiant Hierarchies"", ""civilization"": ""A celestial bureaucracy/choir civilization whose messenger wings, burning wheels, many-eyed guardians, throne-judges, bells, radiant vaults, and heavenly city geometry later became human angelic legend."", ""cultureRule"": ""source culture humans later copied as angelic and heavenly lore"", ""beautyStandard"": ""Empyrean masculinity: severe holy elegance, long commanding lines, luminous eyes, ascetic strength, judicial stillness instead of brute mass"", ""realmAnatomy"": ""choir-made anatomy with glass-bone translucence, many-eye halos grown from the skull, bell-metal joints, feather and non-feather wing geometries, scroll-seal skin"", ""identityFace"": ""serene judge face with glass-lit cheekbones, elongated chin, luminous pupils, and no ordinary human softness; unique to Michael through the root-wrapped ankle guard facial/cranial rhythm"", ""identityBody"": ""massive oath-anchor torso, thick forearms, grounded legs, shield-wall stance, unmistakably masculine without losing individual anatomy; height/proportion offset 46: blood-wax sash knot changes the black-shape read"", ""roleSilhouette"": ""fortress-readable silhouette with broad guard arms, heavy base, protective negative space, and a weapon planted like law plus broken crown prong so the character reads alone in silhouette"", ""signatureWeapon"": ""Michael Bulwark Seraph Bell-Edict Blade"", ""auditStatus"": ""PASS"", ""updated"": ""2026-08-17"", ""maskHelmetIdentity"": ""Michael mask/helmet/crown uses three-bead brow line, sex-specific eye framing, and role-specific brow/cheek geometry; never interchangeable faction headgear."", ""armorIdentity"": ""Full-body living myth-source Deity, not a costume: Michael shows white-gold radiance, many-eye halos, glass armor, feathered and non-feathered wing geometries, bell-metal joints, choral vibration lines, living scroll seals, stair-ladders of light, cathedral vault anatomy, ophanim wheels, seraph fire, cherub guardian masks.."", ""resolvedArtIdentityPass"": true}"
"MG-DEITY-047","Gabriel","Empyrean","Conduit","Male","{""hp"": 42, ""attack"": 11, ""range"": 3, ""energy"": 5, ""speed"": 3, ""armor"": 9, ""resistance"": 14, ""critChance"": 8, ""accuracy"": 84, ""evasion"": 7, ""guardBreak"": 6, ""combatPower"": 230}","[""Gabriel \u2014 Seraph Edict Lash Kindle"", ""Choir Seal Technique \u2014 Reservoir"", ""Gabriel: Ophanim Throne Judgment Overchannel"", ""Divine Ascension \u2014 Seraphic Choir Unbound""]","{""mythology"": ""Empyrean battery office: renewal engine, resource hearth, stored sacred force; Heavenly city/ladder: ascent, gates, vaults, radiant order"", ""realm"": ""The Radiant Hierarchies"", ""civilization"": ""A celestial bureaucracy/choir civilization whose messenger wings, burning wheels, many-eyed guardians, throne-judges, bells, radiant vaults, and heavenly city geometry later became human angelic legend."", ""cultureRule"": ""source culture humans later copied as angelic and heavenly lore"", ""beautyStandard"": ""Empyrean masculinity: severe holy elegance, long commanding lines, luminous eyes, ascetic strength, judicial stillness instead of brute mass"", ""realmAnatomy"": ""choir-made anatomy with glass-bone translucence, many-eye halos grown from the skull, bell-metal joints, feather and non-feather wing geometries, scroll-seal skin"", ""identityFace"": ""predatory court face with angular jaw, hooked noble nose, ember eyes, and precise dangerous smile; unique to Gabriel through the wing-shadow cape edge facial/cranial rhythm"", ""identityBody"": ""masculine mythic playable build; height/proportion offset 47: sun-scar collar notch changes the black-shape read"", ""roleSilhouette"": ""clear unique playable silhouette plus left-shoulder raven mantle so the character reads alone in silhouette"", ""signatureWeapon"": ""Gabriel Generator Seraph Bell-Edict Blade"", ""auditStatus"": ""PASS"", ""updated"": ""2026-08-17"", ""maskHelmetIdentity"": ""Gabriel mask/helmet/crown uses thorn rib lattice, sex-specific eye framing, and role-specific brow/cheek geometry; never interchangeable faction headgear."", ""armorIdentity"": ""Full-body living myth-source Deity, not a costume: Gabriel shows white-gold radiance, many-eye halos, glass armor, feathered and non-feathered wing geometries, bell-metal joints, choral vibration lines, living scroll seals, stair-ladders of light, cathedral vault anatomy, ophanim wheels, seraph fire, cherub guardian masks.."", ""resolvedArtIdentityPass"": true}"
"MG-DEITY-048","Raphael","Empyrean","Dominion","Female","{""hp"": 36, ""attack"": 10, ""range"": 4, ""energy"": 5, ""speed"": 3, ""armor"": 8, ""resistance"": 16, ""critChance"": 7, ""accuracy"": 86, ""evasion"": 8, ""guardBreak"": 9, ""combatPower"": 224}","[""Raphael \u2014 Seraph Edict Lash Vector"", ""Choir Seal Technique \u2014 Field Rewrite"", ""Raphael: Ophanim Throne Judgment Dominion Grid"", ""Divine Ascension \u2014 Seraphic Choir Unbound""]","{""mythology"": ""Empyrean controller office: terrain law, threshold command, battlefield geometry; Choirs/bells/edicts: sung law, resonance, sacred bureaucracy"", ""realm"": ""The Radiant Hierarchies"", ""civilization"": ""A celestial bureaucracy/choir civilization whose messenger wings, burning wheels, many-eyed guardians, throne-judges, bells, radiant vaults, and heavenly city geometry later became human angelic legend."", ""cultureRule"": ""source culture humans later copied as angelic and heavenly lore"", ""beautyStandard"": ""Empyrean femininity: radiant angelic beauty, soft but unmistakable feminine facial anatomy, narrow waist, wing-framed grace, awe and tenderness sharpened into command"", ""realmAnatomy"": ""choir-made anatomy with glass-bone translucence, many-eye halos grown from the skull, bell-metal joints, feather and non-feather wing geometries, scroll-seal skin"", ""identityFace"": ""athletic huntress face with sun-browned cheeks, clear fierce eyes, wind-pulled hair, and focused mouth; unique to Raphael through the three-bead brow line facial/cranial rhythm"", ""identityBody"": ""elegant tall sorceress build, long neck and arms, tapered waist, flowing garment silhouette, commanding feminine stillness; height/proportion offset 48: wolf-jaw pauldron changes the black-shape read"", ""roleSilhouette"": ""vertical command silhouette with crown/halo/mantle spread, long gesture hand, and battlefield-rule presence plus spiral hip-chain so the character reads alone in silhouette"", ""signatureWeapon"": ""Raphael Compass Seraph Bell-Edict Blade"", ""auditStatus"": ""PASS"", ""updated"": ""2026-08-17"", ""maskHelmetIdentity"": ""Raphael mask/helmet/crown uses mirror-disc spine row, sex-specific eye framing, and role-specific brow/cheek geometry; never interchangeable faction headgear."", ""armorIdentity"": ""Full-body living myth-source Deity, not a costume: Raphael shows white-gold radiance, many-eye halos, glass armor, feathered and non-feathered wing geometries, bell-metal joints, choral vibration lines, living scroll seals, stair-ladders of light, cathedral vault anatomy, ophanim wheels, seraph fire, cherub guardian masks.."", ""resolvedArtIdentityPass"": true}"
"MG-DEITY-049","Jophiel","Empyrean","Fracture","Female","","[""Jophiel \u2014 Illumination Arrow"", ""Radiant Volley Technique \u2014 Blinding Light"", ""Jophiel: Eden's Verdict"", ""Divine Ascension \u2014 Jophiel Dawn Eternal""]","{""mythology"": ""Jophiel \u2014 archangel of wisdom, beauty, and illumination"", ""realm"": ""The Empyrean (highest heaven)"", ""civilization"": ""An archangel whose role is to illuminate truth and expel darkness. Her culture is divine radiance, beauty, and wisdom."", ""cultureRule"": ""source culture humans later copied as angelic wisdom tradition"", ""beautyStandard"": ""divine beauty: radiant face hidden behind a helm of light, graceful archer build, luminous skin, flowing energy-hair"", ""identityFace"": ""serene divine face behind a full helm of radiant gold \u2014 light bleeds through visor gaps, suggesting incomprehensible beauty"", ""identityBody"": ""graceful athletic archer build with broad shoulders for drawing a divine bow"", ""skinType"": ""living light \u2014 white-gold luminescence with amber energy veins"", ""armorCanon"": ""Radiant celestial plate armor with helm \u2014 the armor CONTAINS her brilliant form. Gold and white metal with light bleeding through gaps. Full helm required \u2014 her true face is too radiant to perceive."", ""footwear"": ""Golden divine boots of light"", ""aura"": ""warm golden-white with motes of floating light"", ""groundEffect"": ""radiant light platform \u2014 no ground effects, just pure light radiating from her feet, illuminating everything nearby"", ""signatureWeapon"": ""Jophiel Radiant Light-Bow""}"
"MG-DEITY-055","Lucifer","Infernal Dominion","Endurance","Male","{""hp"": 52, ""attack"": 10, ""range"": 2, ""energy"": 5, ""speed"": 2, ""armor"": 19, ""resistance"": 12, ""critChance"": 7, ""accuracy"": 82, ""evasion"": 4, ""guardBreak"": 8, ""combatPower"": 238}","[""Lucifer \u2014 Black-Iron Clause Cut Anchor"", ""Blood-Wax Contract Technique \u2014 Bastion"", ""Lucifer: Infernal Debt Verdict Holdfast"", ""Divine Ascension \u2014 Hell-Crown Dominion Unbound""]","{""mythology"": ""Infernal Dominion defender office: sovereign protector, gate-holder, law shield; Horns/wings/claws: rank, predation, nobility, monstrous majesty"", ""realm"": ""The Infernal Dominion"", ""civilization"": ""A sovereign infernal legal empire whose contract courts, chain architecture, volcanic thrones, ash markets, punishment engines, horned nobility, grimoire seals, and hellfire armies later entered human hell and demonology lore."", ""cultureRule"": ""source culture humans later copied as hell, demonology, and infernal contract lore"", ""beautyStandard"": ""infernal court masculinity: predatory regal face, tailored menace, horn hierarchy, lean or massive dominance by rank, contractual confidence"", ""realmAnatomy"": ""contract-born infernal anatomy with volcanic-glass skin seams, parchment clause scars, ember fissures, horn-growth rank markers, chain-shadow musculature, blood-wax organs"", ""identityFace"": ""lean fox-shrine face with blade-thin brows, long nose, unreadable mouth, and smoke-dark eyes; unique to Lucifer through the broken crown prong facial/cranial rhythm"", ""identityBody"": ""massive oath-anchor torso, thick forearms, grounded legs, shield-wall stance, unmistakably masculine without losing individual anatomy; height/proportion offset 55: floating oath-ring stack changes the black-shape read"", ""roleSilhouette"": ""fortress-readable silhouette with broad guard arms, heavy base, protective negative space, and a weapon planted like law plus root-wrapped ankle guard so the character reads alone in silhouette"", ""signatureWeapon"": ""Lucifer Bulwark Goetic Chain-Crown Blade"", ""auditStatus"": ""PASS"", ""updated"": ""2026-08-17"", ""maskHelmetIdentity"": ""Lucifer mask/helmet/crown uses spiral hip-chain, sex-specific eye framing, and role-specific brow/cheek geometry; never interchangeable faction headgear."", ""armorIdentity"": ""Full-body living myth-source Deity, not a costume: Lucifer shows black iron crowns, volcanic glass armor, contract parchment skin, chain mantles, ember fissures, horn hierarchies, bat/dragon wing shadows, clawed court gloves, blood wax seals, ash velvet, obsidian thrones, coin/debt motifs, execution architecture.."", ""resolvedArtIdentityPass"": true}"
"MG-DEITY-056","Asmodeus","Infernal Dominion","Conduit","Male","{""hp"": 38, ""attack"": 11, ""range"": 3, ""energy"": 5, ""speed"": 3, ""armor"": 9, ""resistance"": 14, ""critChance"": 8, ""accuracy"": 84, ""evasion"": 7, ""guardBreak"": 6, ""combatPower"": 226}","[""Asmodeus \u2014 Black-Iron Clause Cut Kindle"", ""Blood-Wax Contract Technique \u2014 Reservoir"", ""Asmodeus: Infernal Debt Verdict Overchannel"", ""Divine Ascension \u2014 Hell-Crown Dominion Unbound""]","{""mythology"": ""Infernal Dominion battery office: renewal engine, resource hearth, stored sacred force; Judges/executioners: sentencing, sin weights, punishments made visible"", ""realm"": ""The Infernal Dominion"", ""civilization"": ""A sovereign infernal legal empire whose contract courts, chain architecture, volcanic thrones, ash markets, punishment engines, horned nobility, grimoire seals, and hellfire armies later entered human hell and demonology lore."", ""cultureRule"": ""source culture humans later copied as hell, demonology, and infernal contract lore"", ""beautyStandard"": ""infernal court masculinity: predatory regal face, tailored menace, horn hierarchy, lean or massive dominance by rank, contractual confidence"", ""realmAnatomy"": ""contract-born infernal anatomy with volcanic-glass skin seams, parchment clause scars, ember fissures, horn-growth rank markers, chain-shadow musculature, blood-wax organs"", ""identityFace"": ""serene judge face with glass-lit cheekbones, elongated chin, luminous pupils, and no ordinary human softness; unique to Asmodeus through the left-shoulder raven mantle facial/cranial rhythm"", ""identityBody"": ""masculine mythic playable build; height/proportion offset 56: single back banner changes the black-shape read"", ""roleSilhouette"": ""clear unique playable silhouette plus wing-shadow cape edge so the character reads alone in silhouette"", ""signatureWeapon"": ""Asmodeus Generator Goetic Chain-Crown Blade"", ""auditStatus"": ""PASS"", ""updated"": ""2026-08-17"", ""maskHelmetIdentity"": ""Asmodeus mask/helmet/crown uses split cloak tail, sex-specific eye framing, and role-specific brow/cheek geometry; never interchangeable faction headgear."", ""armorIdentity"": ""Full-body living myth-source Deity, not a costume: Asmodeus shows black iron crowns, volcanic glass armor, contract parchment skin, chain mantles, ember fissures, horn hierarchies, bat/dragon wing shadows, clawed court gloves, blood wax seals, ash velvet, obsidian thrones, coin/debt motifs, execution architecture.."", ""resolvedArtIdentityPass"": true}"
"MG-DEITY-057","Lilith","Infernal Dominion","Dominion","Female","{""hp"": 38, ""attack"": 10, ""range"": 4, ""energy"": 5, ""speed"": 3, ""armor"": 8, ""resistance"": 16, ""critChance"": 7, ""accuracy"": 86, ""evasion"": 8, ""guardBreak"": 9, ""combatPower"": 226}","[""Lilith \u2014 Black-Iron Clause Cut Vector"", ""Blood-Wax Contract Technique \u2014 Field Rewrite"", ""Lilith: Infernal Debt Verdict Dominion Grid"", ""Divine Ascension \u2014 Hell-Crown Dominion Unbound""]","{""mythology"": ""Infernal Dominion controller office: terrain law, threshold command, battlefield geometry; Hell/underworld: punishment dimension, abyss, descent, prison geography"", ""realm"": ""The Infernal Dominion"", ""civilization"": ""A sovereign infernal legal empire whose contract courts, chain architecture, volcanic thrones, ash markets, punishment engines, horned nobility, grimoire seals, and hellfire armies later entered human hell and demonology lore."", ""cultureRule"": ""source culture humans later copied as hell, demonology, and infernal contract lore"", ""beautyStandard"": ""infernal court femininity: dangerous demonic beauty, sharp alluring face, clear waist-to-hip silhouette, velvet confidence, elegant cruelty, never a male demon with breasts"", ""realmAnatomy"": ""contract-born infernal anatomy with volcanic-glass skin seams, parchment clause scars, ember fissures, horn-growth rank markers, chain-shadow musculature, blood-wax organs"", ""identityFace"": ""infernal duchess face with sharp cheekbones, dark alluring eyes, arched lips, and horn-crowned hairline; unique to Lilith through the spiral hip-chain facial/cranial rhythm"", ""identityBody"": ""elegant tall sorceress build, long neck and arms, tapered waist, flowing garment silhouette, commanding feminine stillness; height/proportion offset 57: braided weapon tether changes the black-shape read"", ""roleSilhouette"": ""vertical command silhouette with crown/halo/mantle spread, long gesture hand, and battlefield-rule presence plus three-bead brow line so the character reads alone in silhouette"", ""signatureWeapon"": ""Lilith Compass Goetic Chain-Crown Blade"", ""auditStatus"": ""PASS"", ""updated"": ""2026-08-17"", ""maskHelmetIdentity"": ""Lilith mask/helmet/crown uses asymmetric high collar, sex-specific eye framing, and role-specific brow/cheek geometry; never interchangeable faction headgear."", ""armorIdentity"": ""Full-body living myth-source Deity, not a costume: Lilith shows black iron crowns, volcanic glass armor, contract parchment skin, chain mantles, ember fissures, horn hierarchies, bat/dragon wing shadows, clawed court gloves, blood wax seals, ash velvet, obsidian thrones, coin/debt motifs, execution architecture.."", ""resolvedArtIdentityPass"": true}"
"MG-DEITY-058","Naamah","Infernal Dominion","Fracture","Female","{""hp"": 44, ""attack"": 13, ""range"": 2, ""energy"": 3, ""speed"": 2, ""armor"": 12, ""resistance"": 8, ""critChance"": 9, ""accuracy"": 81, ""evasion"": 4, ""guardBreak"": 18, ""combatPower"": 214}","[""Naamah \u2014 Black-Iron Clause Cut Rend"", ""Blood-Wax Contract Technique \u2014 Rupture"", ""Naamah: Infernal Debt Verdict Sundering Trial"", ""Divine Ascension \u2014 Hell-Crown Dominion Unbound""]","{""mythology"": ""Infernal Dominion breaker office: judgement rupture, armor sundering, trial by force; Devils/demon kings: hierarchy, temptation, rulership, court violence"", ""realm"": ""The Infernal Dominion"", ""civilization"": ""A sovereign infernal legal empire whose contract courts, chain architecture, volcanic thrones, ash markets, punishment engines, horned nobility, grimoire seals, and hellfire armies later entered human hell and demonology lore."", ""cultureRule"": ""source culture humans later copied as hell, demonology, and infernal contract lore"", ""beautyStandard"": ""infernal court masculinity: predatory regal face, tailored menace, horn hierarchy, lean or massive dominance by rank, contractual confidence"", ""realmAnatomy"": ""contract-born infernal anatomy with volcanic-glass skin seams, parchment clause scars, ember fissures, horn-growth rank markers, chain-shadow musculature, blood-wax organs"", ""identityFace"": ""youthful hero face with open brow, strong chin, wind-torn hairline, and alert tactical eyes; unique to Naamah through the split cloak tail facial/cranial rhythm"", ""identityBody"": ""masculine mythic playable build; height/proportion offset 58: crescent shoulder void changes the black-shape read"", ""roleSilhouette"": ""clear unique playable silhouette plus thorn rib lattice so the character reads alone in silhouette"", ""signatureWeapon"": ""Naamah Sunderer Goetic Chain-Crown Blade"", ""auditStatus"": ""PASS"", ""updated"": ""2026-08-17"", ""maskHelmetIdentity"": ""Naamah mask/helmet/crown uses floating oath-ring stack, sex-specific eye framing, and role-specific brow/cheek geometry; never interchangeable faction headgear."", ""armorIdentity"": ""Full-body living myth-source Deity, not a costume: Naamah shows black iron crowns, volcanic glass armor, contract parchment skin, chain mantles, ember fissures, horn hierarchies, bat/dragon wing shadows, clawed court gloves, blood wax seals, ash velvet, obsidian thrones, coin/debt motifs, execution architecture.."", ""resolvedArtIdentityPass"": true}"
